<!-- Office 365 client configuration file sample. To be used for Office 365 ProPlus apps, 
     Office 365 Business apps.

     For detailed information regarding configuration options visit: http://aka.ms/ODT. 
     To use the configuration file be sure to remove the comments

     The following sample allows you to download and install the 32 bit version of the Office 365 ProPlus apps 
     from the Office CDN using the Monthly Channel settings  -->

<Configuration>

  <Add OfficeClientEdition="64" Channel="Monthly">
    <Product ID="O365ProPlusRetail">
    <ExcludeApp ID="Groove" />
    <ExcludeApp ID="Lync" />
      <Language ID="MatchOS" />
    </Product>
  </Add>
  <Updates Enabled="TRUE" Channel="Monthly" />
  <Display Level="None" AcceptEULA="TRUE" />
  <Property Name="AUTOACTIVATE" Value="0" />

</Configuration>
